DROP DATABASE IF EXISTS `Dota2wiki`;
CREATE DATABASE `Dota2wiki`;
USE `Dota2wiki`;

SET NAMES utf8 ;
SET character_set_client = utf8mb4 ;

CREATE TABLE IF NOT EXISTS `Heroes`(
   `HeroName` VARCHAR(255) NOT NULL,
   `PrimaryAttribute` VARCHAR(255) NOT NULL,
   `Faction` VARCHAR(255) NOT NULL,
   `Ability` VARCHAR(255) NOT NULL,
   `Item` VARCHAR(255) NOT NULL,
   `Type` VARCHAR(255) NOT NULL,
   `Complexity` VARCHAR(255) NOT NULL,
   `WinningRate` float NOT NULL,
   PRIMARY KEY ( `HeroName` )
)ENGINE=InnoDB DEFAULT CHARSET=utf8;

INSERT INTO `Heroes` VALUES
('Huskar','Strength', 'Radiant', 'Burning Spear', 'Armlet of Mordiggian', 'Carry', 'Low Complexity', 48.4),
('Alchemist','Strength', 'Radiant', 'Greevils Greed', 'Radiance', 'Carry/Support', 'Low Complexity', 51.9),
('Lycan','Strength', 'Dire', 'Carry', 'Shapeshift', 'Necronomicon', 'Moderate Complexity', 51.7),
('Kunkka','Strength', 'Radiant', 'Ghostship', 'Daedalus', 'Support', 'Moderate Complexity', 47.9),
('Brewmaster','Strength', 'Radiant', 'Primal Split', 'Vladmirs Offering', 'Support', 'High Complexity', 49.1),
('Io','Strength', 'Radiant', 'Tether', 'Mekansm', 'Carry/Support', 'High Complexity', 43.3),
('Anti-Mage','Agility', 'Radiant', 'Blink', 'Battle Fury', 'Carry', 'Low Complexity', 53.1),
('Vengeful Spirit','Agility', 'Radiant', 'Nether Swap', 'Helm of the Dominator', 'Support', 'Low Complexity', 51.7),
('Shadow Fiend','Agility', 'Dire', 'Shadowraze', 'Shadow Blade', 'Carry', 'Moderate Complexity', 48.7),
('Naga Siren','Agility', 'Radiant', 'Mirror Image', 'Manta Style', 'Carry/Support', 'Moderate Complexity', 50.3),
('Morphling','Agility', 'Radiant', 'Attribute Shift', 'Ethereal Blade', 'Carry/Support', 'High Complexity', 48.0),
('Sniper','Agility', 'Radiant', 'Assassinate', 'Hurricane Pike', 'Support', 'High Complexity', 52.4),
('Lina','Intelligence', 'Radiant', 'Laguna Blade', 'Euls Scepter of Divinity', 'Carry/Support', 'Low Complexity', 46.1),
('Lion','Intelligence', 'Dire', 'Earth Spike', 'Blink Dagger', 'Support', 'Low Complexity', 47.7),
('Storm Spirit','Intelligence', 'Radiant', 'Ball Lightning', 'Bloodstone', 'Carry', 'Moderate Complexity', 47.2),
('Windranger','Intelligence', 'Radiant', 'Focus Fire', 'Monkey King Bar', 'Carry/Support', 'Moderate Complexity', 51.6),
('Invoker','Intelligence', 'Dire', 'Invoke', 'Boots of Travel', 'Carry', 'High Complexity', 48.3),
('Rubick','Intelligence', 'Radiant', 'Spell Steal', 'Aghanims Scepter', 'Support', 'High Complexity', 46.4);


CREATE TABLE IF NOT EXISTS `Item_Hero`(
   `HeroName` VARCHAR(50) NOT NULL,
   `ItemName` VARCHAR(50) NOT NULL,
   PRIMARY KEY ( `ItemName`, `HeroName` )
)ENGINE=InnoDB DEFAULT CHARSET=utf8;

INSERT INTO `Item_Hero` VALUES
('Huskar','Armlet of Mordiggian'),
('Huskar','Heavens Halberd'),
('Alchemist','Radiance'),
('Alchemist','Manta Style'),
('Alchemist','Black King Bar'),
('Lycan','Necronomicon'),
('Lycan','Helm of the Dominator'),
('Lycan','Vladmirs Offering'),
('Kunkka','Daedalus'),
('Kunkka','Heavens Halberd'),
('Io','Aghanims Scepter'),
('Io','Mekansm'),
('Anti-Mage','Manta Style'),
('Anti-Mage','Battle Fury'),
('Anti-Mage','Black King Bar'),
('Vengeful Spirit','Helm of the Dominator'),
('Vengeful Spirit','Vladmirs Offering'),
('Shadow Fiend','Shadow Blade'),
('Shadow Fiend','Euls Scepter of Divinity'),
('Shadow Fiend','Boots of Travel'),
('Naga Siren','Manta Style'),
('Naga Siren','Radiance'),
('Morphling','Ethereal Blade'),
('Morphling','Manta Style'),
('Morphling','Black King Bar'),
('Sniper','Hurricane Pike'),
('Sniper','Monkey King Bar'),
('Lina','Bloodstone'),
('Lina','Euls Scepter of Divinity'),
('Lina','Boots of Travel'),
('Lion','Blink Dagger'),
('Lion','Euls Scepter of Divinity'),
('Storm Spirit','Bloodstone'),
('Storm Spirit','Black King Bar'),
('Windranger','Monkey King Bar'),
('Invoker','Boots of Travel'),
('Invoker','Aghanims Scepter'),
('Invoker','Blink Dagger'),
('Rubick','Aghanims Scepter');

CREATE TABLE IF NOT EXISTS `Item_Price`(
   `ItemName` VARCHAR(255) NOT NULL,
   `Price` int,
   PRIMARY KEY ( `ItemName` )
)ENGINE=InnoDB DEFAULT CHARSET=utf8;

INSERT INTO `Item_Price` VALUES
('Armlet of Mordiggian', 2475),
('Necronomicon', 2150),
('Necronomicon2', 3400),
('Necronomicon3', 4650),
('Radiance', 5150),
('Daedalus', 5350),
('Vladmirs Offering', 2300),
('Mekansm', 1975),
('Battle Fury', 4400),
('Helm of the Dominator', 2175),
('Shadow Blade', 2800),
('Manta Style', 4700),
('Ethereal Blade', 4500),
('Hurricane Pike', 4575),
('Euls Scepter of Divinity', 2725),
('Blink Dagger', 2250),
('Bloodstone', 5250),
('Monkey King Bar', 4175),
('Boots of Travel1', 2500),
('Boots of Travel2', 4500),
('Aghanims Scepter', 4200),
('Aghanims Blessing', 6000),
('Staff of Wizardry', 1000),
('Sacred Relic', 3800),
('Kaya', 2050),
('Faded Broach', null),
('Iron Talon', null),
('Essence Ring', null),
('Dragon Scale', null),
('Mind Breaker', null),
('Spider Legs', null),
('Spell Prism', null),
('Princes Knife', null),
('Apex', null),
('Pirate Hat', null),
('Ogre Axe', 1000),
('Boots of Speed', 500),
('Demon Edge', 2200),
('Sange', 2050),
('Kaya and Sange', 4100),
('Heavens Halberd', 3450);

CREATE TABLE IF NOT EXISTS `Item_Upgrade`(
   `ItemName` VARCHAR(255) NOT NULL,
   `Upgrade` VARCHAR(255),
   PRIMARY KEY ( `ItemName`, `Upgrade` )
)ENGINE=InnoDB DEFAULT CHARSET=utf8;

INSERT INTO `Item_Upgrade` VALUES
('Armlet of Mordiggian', 'null'),
('Necronomicon', 'Necronomicon2'),
('Necronomicon2', 'Necronomicon3'),
('Necronomicon3', 'null'),
('Radiance', 'null'),
('Daedalus', 'null'),
('Vladmirs Offering', 'null'),
('Mekansm', 'null'),
('Battle Fury', 'null'),
('Helm of the Dominator', 'null'),
('Shadow Blade', 'null'),
('Manta Style', 'null'),
('Ethereal Blade', 'null'),
('Hurricane Pike', 'null'),
('Euls Scepter of Divinity', 'null'),
('Blink Dagger', 'null'),
('Bloodstone', 'null'),
('Monkey King Bar', 'null'),
('Boots of Travel1', 'Boots of Travel2'),
('Boots of Travel2', 'null'),
('Aghanims Scepter', 'Aghanims Blessing'),
('Aghanims Blessing', 'null'),
('Staff of Wizardry', 'Kaya'),
('Sacred Relic', 'Radiance'),
('Kaya', 'Bloodstone'),
('Kaya', 'Kaya and Sange'),
('Faded Broach', 'null'),
('Iron Talon', 'null'),
('Essence Ring', 'null'),
('Dragon Scale', 'null'),
('Mind Breaker', 'null'),
('Spider Legs', 'null'),
('Spell Prism', 'null'),
('Princes Knife', 'null'),
('Apex', 'null'),
('Pirate Hat', 'null'),
('Ogre Axe', 'Sange'),
('Boots of Speed', 'Boots of Travel1'),
('Demon Edge', 'Daedalus'),
('Sange', 'Kaya and Sange'),
('Sange', 'Heavens Halberd'),
('Kaya and Sange', 'null'),
('Heavens Halberd', 'null');

CREATE TABLE IF NOT EXISTS `Price_ItemType`(
   `Price` int,
   `ItemType` VARCHAR(255),
   PRIMARY KEY ( `Price` )
)ENGINE=InnoDB DEFAULT CHARSET=utf8;

INSERT INTO `Price_ItemType` VALUES
('2475', 'Non-neutral'),
('2150', 'Non-neutral'),
('3400', 'Non-neutral'),
('4650', 'Non-neutral'),
('4200', 'Non-neutral'),
('5150', 'Non-neutral'),
('5350', 'Non-neutral'),
('2300', 'Non-neutral'),
('1975', 'Non-neutral'),
('6000', 'Non-neutral'),
('4400', 'Non-neutral'),
('2175', 'Non-neutral'),
('2800', 'Non-neutral'),
('4700', 'Non-neutral'),
('1000', 'Non-neutral'),
('4500', 'Non-neutral'),
('4575', 'Non-neutral'),
('2725', 'Non-neutral'),
('2250', 'Non-neutral'),
('3800', 'Non-neutral'),
('5250', 'Non-neutral'),
('4175', 'Non-neutral'),
('2500', 'Non-neutral'),
('2050', 'Non-neutral'),
('500', 'Non-neutral'),
('3450', 'Non-neutral'),
('4100', 'Non-neutral'),
('2200', 'Non-neutral'),
('0', 'Neutral');

CREATE TABLE IF NOT EXISTS `Abilities`(
   `AbilityName` VARCHAR(255),
   `HeroName` VARCHAR(255),
   `AbilityType` VARCHAR(255),
   `CD` float,
   PRIMARY KEY ( `AbilityName` )
)ENGINE=InnoDB DEFAULT CHARSET=utf8;

INSERT INTO `Abilities` VALUES
('Inner Fire', 'Huskar', 'No Target', 11),
('Burning Spear', 'Huskar', 'Auto-Cast', null),
('Berserkers Blood', 'Huskar', 'Passive', null),
('Life Break', 'Huskar', 'Unit Target', 12),
('Acid Spray', 'Alchemist', 'Point Target', 22),
('Unstable Concoction', 'Alchemist', 'No Target', 16),
('Greevils Greed', 'Alchemist', 'Passive', null),
('Chemical Rage', 'Alchemist', 'No Target', 55),
('Summon Wolves', 'Lycan', 'No Target', 30),
('Howl', 'Lycan', 'No Target', 18),
('Feral Impulse', 'Lycan', 'Passive', null),
('Shapeshift', 'Lycan', 'No Target', 95),
('Torrent', 'Kunkka', 'Point Target', 10),
('Tidebringer', 'Kunkka', 'Auto-Cast', 4),
('X Marks The Spot', 'Kunkka', 'Unit Target', 14),
('Ghostship', 'Kunkka', 'Point Target', 60),
('Thunder Clap', 'Brewmaster', 'No Target', 13),
('Cinder Brew', 'Brewmaster', 'Point Target', 11),
('Drunken Brawler', 'Brewmaster', 'No Target', 17),
('Primal Split', 'Brewmaster', 'No Target', 120),
('Tether', 'Io', 'Unit Target', 12),
('Spirits', 'Io', 'No Target', 20),
('Overcharge', 'Io', 'No Target', 16),
('Relocate', 'Io', 'Point Target', 60),
('Mana Break', 'Anti-Mage', 'Passive', null),
('Blink', 'Anti-Mage', 'Point Target', 6),
('Counterspell', 'Anti-Mage', 'No Target', 3),
('Mana Void', 'Anti-Mage', 'Unit Target', 70),
('Magic Miissile', 'Vengeful Spirit', 'Unit Target', 9),
('Wave Of Terror', 'Vengeful Spirit', 'Point Target', 10),
('Vengeance Aura', 'Vengeful Spirit', 'Aura', null),
('Nether Swap', 'Vengeful Spirit', 'Unit Target', 70),
('Shadowraze', 'Shadow Fiend', 'No Target', 10),
('Necromastery', 'Shadow Fiend', 'Passive', null),
('Presence Of The Dark Lord', 'Shadow Fiend', 'Passive', null),
('Requiem Of Souls', 'Shadow Fiend', 'No Target', 100),
('Mirror Image', 'Naga Siren', 'No Target', 30),
('Ensnare', 'Naga Siren', 'Unit Target', 14),
('Rip Tide', 'Naga Siren', 'Passive', null),
('Song Of The Siren', 'Naga Siren', 'No Target', 80),
('Waveform', 'Morphling', 'Point Target', 11),
('Adaptive Strike', 'Morphling', 'Unit Target', 10),
('Attribute Shift', 'Morphling', 'Toggle', null),
('Morph', 'Morphling', 'Unit Target', 40),
('Shrapnel', 'Sniper', 'Point Target', 40),
('Headshot', 'Sniper', 'Passive', null),
('Take Aim', 'Sniper', 'No Target', 6),
('Assassinate', 'Sniper', 'Unit Target', 10),
('Dragon Slave', 'Lina', 'Point Target', 8),
('Light Strike Array', 'Lina', 'Point Target', 7),
('Fiery Soul', 'Lina', 'Passive', null),
('Laguna Blade', 'Lina', 'Unit Target', 50),
('Earth Spike', 'Lion', 'Unit Target', 12),
('Hex', 'Lion', 'Unit Target', 12),
('Mana Drain', 'Lion', 'Channeled', 4),
('Finger Of Death', 'Lion', 'Unit Target', 40),
('Static Remnant', 'Storm Spirit', 'No Target', 3.5),
('Electric Vortex', 'Storm Spirit', 'Unit Target', 16),
('Overload', 'Storm Spirit', 'Passive', null),
('Ball Lightning', 'Storm Spirit', 'Point Target', null),
('Shackleshot', 'Windranger', 'Unit Target', 10),
('Powershot', 'Windranger', 'Point Target', 9),
('Windrun', 'Windranger', 'No Target', 12),
('Focus Fire', 'Windranger', 'Unit Target', 30),
('Quas', 'Invoker', 'No Target', null),
('Wex', 'Invoker', 'No Target', null),
('Exort', 'Invoker', 'No Target', null),
('Invoke', 'Invoker', 'No Target', 7),
('Telekinesis', 'Rubick', 'Unit Target', 22),
('Fade Bolt', 'Rubick', 'Unit Target', 10),
('Arcane Supermacy', 'Rubick', 'Passive', null),
('Spell Steal', 'Rubick', 'Unit Target', 16);
-- 
CREATE TABLE IF NOT EXISTS `Players`(
   `PlayerName` VARCHAR(255),
   `Representative` VARCHAR(255),
   `Team` VARCHAR(255),
   `FamousScene` VARCHAR(255),
   PRIMARY KEY ( `PlayerName`, `Representative` )
)ENGINE=InnoDB DEFAULT CHARSET=utf8;

INSERT INTO `Players` VALUES
('Zard-', 'Huskar', 'TNT', 'VCD'),
('XBOCT', 'Alchemist', 'Natus Vincere', 'TI3-(Navi vs Alliance)'),
('Mu', 'Beastmaster', 'Newbee', 'TI4'),
('MATUMBAMAN', 'Lycan', 'Liquid', 'TI7-(Liquid vs Secret)'),
('Maybe', 'Kunkka', 'LGD', 'TI6'),
('Ana', 'Io', 'OG', 'TI9-(Liquid vs OG)'),
('BurNIng', 'Anti-Mage', 'DK', 'TI4'),
('820', 'Vengeful Spirit', 'Ehome', 'TI1'),
('YaphetS', 'Shadow Fiend', 'DK', 'WCG2011'),
('Zhou', 'Naga Siren', 'IG', 'TI2-(IG vs NAVI)'),
('Ame', 'Morphling', 'LGD', 'TI8-(LGD vs OG)'),
('Yapzor', 'Sniper', 'Secret', 'ESL One Major'),
('Ori', 'Lina', 'VG', 'TI8'),
('ChuaN', 'Lion', 'IG', 'TI2'),
('SumaiL', 'Storm Spirit', 'EG', 'TI5-(EG vs CDEC)'),
('rOtk', 'Windranger', 'DK', '7 death in a roll'),
('Miracle-', 'Invoker', 'Liquid', 'TI7'),
('fy', 'Rubick', 'VG', 'TI4-(EG vs VG)');


CREATE TABLE IF NOT EXISTS `Link`(
   `FamousScene` VARCHAR(255),
   `WebLink` VARCHAR(255),
   PRIMARY KEY ( `FamousScene` )
)ENGINE=InnoDB DEFAULT CHARSET=utf8;

INSERT INTO `Link` VALUES
('VCD', 'www.douyu.com/60937'),
('TI3-(Navi vs Alliance)', 'https://www.youtube.com/watch?v=mJ2JTVgJdJg'),
('TI4', null),
('TI6', null),
('TI4DK', null),
('TI1', null),
('TI2', null),
('ESL One Major', null),
('TI5-(EG vs CDEC)', 'https://www.twitch.tv/videos/10218720'),
('TI9-(Liquid vs OG)', 'https://www.youtube.com/watch?v=uM1m4bwL6I0&feature=youtu.be&t=13612'),
('TI2-(IG vs NAVI)', 'https://www.youtube.com/watch?v=5pKNlizW3qk'),
('TI4-(EG vs VG)', 'https://www.youtube.com/watch?v=X6vfII-8XAc'),
('TI7', 'https://www.youtube.com/watch?v=raPjsavHru8'),
('TI8-(LGD vs OG)', 'https://www.youtube.com/watch?v=cEM6725JmM4&feature=youtu.be&t=8h36m5s'),
('7 death in a roll', 'https://www.youtube.com/watch?v=4EOBP_AUasU'),
('TI7-(Liquid vs Secret)', 'https://www.youtube.com/watch?v=7y9EG7_B9bY&feature=youtu.be&t=6h28m38s'),
('TI8', null),
('WCG2011', null);


CREATE TABLE IF NOT EXISTS `HeroesCache`(
   `HeroName` VARCHAR(255) NOT NULL,
   `PrimaryAttribute` VARCHAR(255) NOT NULL,
   `Faction` VARCHAR(255) NOT NULL,
   `Ability` VARCHAR(255) NOT NULL,
   `Item` VARCHAR(255) NOT NULL,
   `Type` VARCHAR(255) NOT NULL,
   `Complexity` VARCHAR(255) NOT NULL,
   `WinningRate` float NOT NULL,
   PRIMARY KEY ( `HeroName` )
)ENGINE=InnoDB DEFAULT CHARSET=utf8;

